"Element","ResultRow"
"INP4A","1"
"ANR46","1"
"TCEA1","1"
"AMNLS","1"
"TERB2","1"
"PLD5","1"
"CK2-A2:B","1"
"Vasoactive Intestinal Peptide","1"
"MZT2A","1"
"ARF3","1"
"Fc_MOUSE.124","1"
"TGF-b3","1"
"KRA24","1"
"CSK2B","1"
"UB2D4","1"
"HMGA2","1"
"DSCR6","1"
"TPSB2","1"
"Fc_MOUSE.79","1"
"SIAT1","1"
"CREB1","1"
"CXAR","1"
"sLRP1:CD","1"
"HSP 70.5","1"
"GUC2B","1"
"Granzyme B.1","1"
"EFC4B","1"
"EPHAA.1","1"
"Fc_MOUSE.184","1"
"IL-17C","1"
"IL-20","1"
"G-CSF-R","1"
"Keratin 6A","1"
"Lymphotoxin a2/b1","1"
"MUC1:region 3","1"
"C1QL2","1"
"Fc_MOUSE.211","1"
"RM14","1"
"KDM1A","1"
"EMIL3:region 2","1"
"SF3B4","2"
"Magainin-2_XENLA.1","2"
"Myostatin.1","2"
"LUCI_PHOPY.1","2"
"No Protein.14","2"
"ERGI1","2"
"No Protein.22","2"
"PKC-D","2"
"IMDH2","2"
"Protein disulfide isomerase A3","2"
"CAMK1","2"
"CYBR1","2"
"DRAK2","2"
"SKP1","2"
"NIGB_SAMNI.1","2"
"No Protein.20","2"
"DIXC1","2"
"CAD15:ECD","2"
"CBPA1","2"
"MASP3:Light","2"
"KCTD4","2"
"SNX3","2"
"TMG1:CD","2"
"PPM1G","2"
"MGT5A.1","2"
"Endothelin-converting enzyme 1:ECD","2"
"FGL2","2"
"PDCD6","2"
"IGF-II receptor.1","2"
"NEGR1.1","2"
"LGMN","2"
"SORC3","2"
"PSB10","2"
"Hat1","2"
"MEL_VESMG","2"
"Cadherin E","2"
"Apo D","2"
"LASP-1","2"
"Stress-induced-phosphoprotein 1","2"
"GFP_AEQVI.2","2"
"RHOQ","2"
"TRABD","2"
"TFF3.1","2"
"CSF2R","2"
"TNF sR-II","2"
"VEGF sR2","2"
"Fibrinogen B","2"
"AASD1","2"
"ARHGA","2"
"SELS","2"
"NFASC","2"
"EHD4","2"
"No Protein.17","2"
"GNAS","2"
"SERA","2"
"PTPRJ","2"
"ERP29","2"
"Met","2"
"FCGBP","2"
"FLRT3:CD","2"
"LY86","2"
"TUTLB","2"
"SECTM1","2"
"HXK3","2"
"F1712","2"
"NUCB2","2"
"CD244","2"
"Nr-CAM","2"
"CO9A3","2"
"HYAL1","2"
"ASM3A.1","2"
"METK2","2"
"PACAP-38","2"
"HS12A","2"
"lacritin","2"
"RHG30","2"
"UB2R2","2"
"KS6A1","2"
"BCAR3:SH2","2"
"NOS","2"
"ADPRH","2"
"No Protein.30","2"
"GHC2","2"
"SNF8","2"
"DPP10","2"
"Fc_MOUSE.100","2"
"TWSG1","2"
"Macrophage scavenger receptor:ECD.2","2"
"CKAP2","2"
"CF057","2"
"Collagen II","2"
"No Protein.32","2"
"CD70.1","2"
"No Protein.31","2"
"RGM-C","2"
"GUAD","2"
"MDH_THETH","2"
"CLC7A","2"
"IL-12 RB2","2"
"DHE4","2"
"EXE4_HELSU.1","2"
"Thrombin","2"
"ISK6","2"
"CK094","2"
