"omics","model","n","events","mean_predicted","observed","brier","brier_null","calibration_intercept","calibration_slope"
"microbiome","RF clinical",154,88,0.560585037101171,0.571428571428571,0.220422414289265,0.244897959183673,-0.708022409420054,4.47061002439774
"microbiome","EN omics",154,88,0.571912157429054,0.571428571428571,0.232715995096118,0.244897959183673,-0.212929222726693,1.79188015805208
"microbiome","XGB omics",154,88,0.555992989014689,0.571428571428571,0.269521551554608,0.244897959183673,0.226431096434472,0.2514272458804
"microbiome","RF clinical + EN",154,88,0.547998693294395,0.571428571428571,0.204486449944792,0.244897959183673,-0.02403067552397,1.95945586899738
"microbiome","RF clinical + XGB",154,88,0.558190763484369,0.571428571428571,0.21807091133129,0.244897959183673,-0.3934779347044,3.19096732314728
"metabolomics","RF clinical",91,44,0.47229622798278,0.483516483516484,0.23003615490907,0.249728293684338,0.339337963229631,3.64644654715601
"metabolomics","EN omics",91,44,0.492932390642365,0.483516483516484,0.221401199044165,0.249728293684338,-0.011681191911141,1.46384523072069
"metabolomics","XGB omics",91,44,0.489559555937956,0.483516483516484,0.212343059558575,0.249728293684338,-0.0304110734110334,0.949794947782135
"metabolomics","RF clinical + EN",91,44,0.477588846097697,0.483516483516484,0.212700300659381,0.249728293684338,0.157825575679631,2.11401582870057
"metabolomics","RF clinical + XGB",91,44,0.481132994662351,0.483516483516484,0.237750504855685,0.249728293684338,0.664850367920427,9.65623857766901
"proteomics","RF clinical",90,43,0.482237574118615,0.477777777777778,0.23553663488022,0.249506172839506,-0.0378283990335131,0.698826466592673
"proteomics","EN omics",90,43,0.471421393923184,0.477777777777778,0.226679848245729,0.249506172839506,-0.0228564510410539,0.596007931152243
"proteomics","XGB omics",90,43,0.478159060494767,0.477777777777778,0.244011743996094,0.249506172839506,-0.0550667584686206,0.42069642463202
"proteomics","RF clinical + EN",90,43,0.467644013686745,0.477777777777778,0.216711211515869,0.249506172839506,0.0452306405106232,0.985971739300177
"proteomics","RF clinical + XGB",90,43,0.481142954243349,0.477777777777778,0.21866096807167,0.249506172839506,4.28527280052687e-05,1.19488870922299
