"omics","model","reference","n_test","n_deaths","auc","auc_ref","delta","delta_lo","delta_hi","p_value","p_adj"
"microbiome","EN omics","RF clinical",154,88,0.620006887052342,0.774793388429752,-0.154786501377411,-0.269345478069423,-0.0416608532048031,0.00732514662184866,0.043950879731092
"microbiome","EN omics","LR age-only",154,88,0.620006887052342,0.691115702479339,-0.0711088154269973,-0.192338389714434,0.0485667952314166,0.262083351929331,0.262083351929331
"microbiome","XGB omics","RF clinical",154,88,0.586260330578512,0.774793388429752,-0.18853305785124,-0.30251470526227,-0.0690821685583916,0.00217777942137497,0.0261333530564996
"microbiome","XGB omics","LR age-only",154,88,0.586260330578512,0.691115702479339,-0.104855371900827,-0.23797639779231,0.0224238693735336,0.118936124298103,0.15291787409756
"microbiome","RF clinical + EN","RF clinical",154,88,0.769455922865014,0.774793388429752,-0.00533746556473824,-0.0133454986999192,0.00214208666772413,0.131323798479171,0.273909459119525
"microbiome","RF clinical + XGB","RF clinical",154,88,0.754820936639118,0.774793388429752,-0.019972451790634,-0.0403885119409563,-0.00139511638709065,0.0416963154899372,0.166785261959749
"microbiome","RF clinical","LR age-only",154,88,0.774793388429752,0.691115702479339,0.0836776859504134,0.0148061644769686,0.148304023424408,0.0153044906533745,0.12201638856866
"metabolomics","EN omics","RF clinical",91,44,0.722437137330754,0.70889748549323,0.013539651837524,-0.116703757930464,0.139075465350975,0.830896062292257,0.830896062292257
"metabolomics","EN omics","LR age-only",91,44,0.722437137330754,0.57688588007737,0.145551257253385,0.000472383720930144,0.295923789805778,0.0542295060305156,0.12201638856866
"metabolomics","XGB omics","RF clinical",91,44,0.736943907156673,0.70889748549323,0.0280464216634428,-0.0949047372572216,0.146864876385337,0.654678594574202,0.785614313489043
"metabolomics","XGB omics","LR age-only",91,44,0.736943907156673,0.57688588007737,0.160058027079303,0.0174043802623997,0.300504554224436,0.0273529045420132,0.12201638856866
"metabolomics","RF clinical + EN","RF clinical",91,44,0.750483558994197,0.70889748549323,0.0415860735009671,-0.0112305695797482,0.0995243902439023,0.135051598206395,0.273909459119525
"metabolomics","RF clinical + XGB","RF clinical",91,44,0.769825918762089,0.70889748549323,0.0609284332688584,-0.0195200382129546,0.143634148426813,0.136954729559763,0.273909459119525
"metabolomics","RF clinical","LR age-only",91,44,0.70889748549323,0.57688588007737,0.132011605415861,0.00731530576175328,0.261359088257729,0.0420385039057101,0.12201638856866
"proteomics","EN omics","RF clinical",90,43,0.69470559129144,0.647204354280059,0.0475012370113808,-0.109867243743069,0.204377179496242,0.545988380523133,0.727984507364177
"proteomics","EN omics","LR age-only",90,43,0.69470559129144,0.573478476001979,0.121227115289461,-0.0133399209486164,0.256507589064819,0.0717076888278753,0.129073839890176
"proteomics","XGB omics","RF clinical",90,43,0.674418604651163,0.647204354280059,0.0272142503711035,-0.132252388134741,0.18359039008396,0.732330357155577,0.79890584416972
"proteomics","XGB omics","LR age-only",90,43,0.674418604651163,0.573478476001979,0.100940128649184,-0.0207848944962906,0.234606481481481,0.116423526600782,0.15291787409756
"proteomics","RF clinical + EN","RF clinical",90,43,0.703117268678872,0.647204354280059,0.0559129143988124,-0.0461510975437606,0.165927155275066,0.304083746497203,0.506284823039196
"proteomics","RF clinical + XGB","RF clinical",90,43,0.704601682335477,0.647204354280059,0.057397328055418,-0.052636777128005,0.177509140316206,0.337523215359464,0.506284823039196
"proteomics","RF clinical","LR age-only",90,43,0.647204354280059,0.573478476001979,0.0737258782780803,-0.0482699403065664,0.196942613774138,0.235376852270317,0.262083351929331
