"variable","overall","deceased","active","p_value"
"Vital Status","","","","0.047"
"  Deceased","485 (55.2%)","169 (50.9%)","316 (57.8%)",""
"  Alive","394 (44.8%)","163 (49.1%)","231 (42.2%)",""
"Race","","","","0.17"
"  African American","25 (2.8%)","10 (3.0%)","15 (2.7%)",""
"  Asian","32 (3.6%)","10 (3.0%)","22 (4.0%)",""
"  Others","26 (3.0%)","15 (4.5%)","11 (2.0%)",""
"  White","796 (90.6%)","297 (89.5%)","499 (91.2%)",""
"Education","","","","0.003"
"  <= High School","158 (18.0%)","78 (23.5%)","80 (14.6%)",""
"  College","332 (37.8%)","121 (36.4%)","211 (38.6%)",""
"  Graduate School","389 (44.3%)","133 (40.1%)","256 (46.8%)",""
"Self-Rated Overall Health","","","","1.00"
"  Good/Excellent","872 (99.2%)","329 (99.1%)","543 (99.3%)",""
"  Very Poor/Poor/Fair","7 (0.8%)","3 (0.9%)","4 (0.7%)",""
"Marital Status","","","","0.89"
"  Married","633 (72.0%)","236 (71.1%)","397 (72.6%)",""
"  Others","65 (7.4%)","25 (7.5%)","40 (7.3%)",""
"  Widowed","181 (20.6%)","71 (21.4%)","110 (20.1%)",""
"Smoking Status","","","","0.93"
"  Missing","91 (10.4%)","35 (10.5%)","56 (10.2%)",""
"  Non-Smoker","367 (41.8%)","136 (41.0%)","231 (42.2%)",""
"  Past or Current Smoker","421 (47.9%)","161 (48.5%)","260 (47.5%)",""
"Diabetes","132 (15.0%)","51 (15.4%)","81 (14.8%)","0.82"
"High Blood Pressure","451 (51.3%)","171 (51.5%)","280 (51.2%)","0.93"
"Cancer","416 (47.3%)","151 (45.5%)","265 (48.4%)","0.39"
"BMI","26.90 (3.70)","26.98 (3.53)","26.85 (3.80)","0.45"
"  Missing","1","1","0",""
"Teng 3MS Score","92.94 (6.67)","93.31 (6.18)","92.71 (6.95)","0.34"
"  Missing","6","1","5",""
"Geriatric Depression Scale","1.68 (1.82)","1.70 (2.04)","1.67 (1.67)","0.28"
"  Missing","1","0","1",""
"PASE Score","123.38 (66.05)","128.82 (66.15)","120.08 (65.84)","0.042"
"Total Medications","9.00 (4.68)","8.83 (4.63)","9.10 (4.72)","0.39"
"Age","84.01 (3.86)","83.45 (3.43)","84.35 (4.06)","0.004"
