"family","model","comparison","auc_a","auc_b","delta","delta_lo","delta_hi","p_value","p_adj"
"Between omics layers","EN omics","Microbiome vs Metabolomics",0.49137837151051,0.621592187897049,-0.13021381638654,-0.211537299742364,-0.0468334899063657,0.00162411923018811,0.00243617884528216
"Between omics layers","EN omics","Microbiome vs Proteomics",0.49137837151051,0.659962972374488,-0.168584600863978,-0.249978222996515,-0.0850585991449492,8.26072879418043e-05,0.000247821863825413
"Between omics layers","EN omics","Metabolomics vs Proteomics",0.621592187897049,0.659962972374488,-0.0383707844774385,-0.0997323678137863,0.0169500659529647,0.197993879659093,0.197993879659093
"Between omics layers","XGB omics","Microbiome vs Metabolomics",0.482847497005118,0.660906813809127,-0.178059316804008,-0.256661997839402,-0.0963291874668509,1.54532289608087e-05,4.63596868824261e-05
"Between omics layers","XGB omics","Microbiome vs Proteomics",0.482847497005118,0.648600573565179,-0.165753076560061,-0.246205650247605,-0.0862662706891428,5.02894893993818e-05,7.54342340990727e-05
"Between omics layers","XGB omics","Metabolomics vs Proteomics",0.660906813809127,0.648600573565179,0.0123062402439478,-0.0416751370385163,0.0681423860995672,0.663798732746004,0.663798732746004
"Between omics layers","RF clinical + EN","Microbiome vs Metabolomics",0.615929139289215,0.654372526953933,-0.0384433876647184,-0.069735699223259,-0.00780271474423987,0.0137880689037917,0.0206821033556876
"Between omics layers","RF clinical + EN","Microbiome vs Proteomics",0.615929139289215,0.66627944966784,-0.0503503103786254,-0.0879161061273529,-0.0157875663326982,0.00565875983483738,0.0169762795045122
"Between omics layers","RF clinical + EN","Metabolomics vs Proteomics",0.654372526953933,0.66627944966784,-0.0119069227139069,-0.0481629299310985,0.0253846799585517,0.522922171334047,0.522922171334047
"Between omics layers","RF clinical + XGB","Microbiome vs Metabolomics",0.622499727738048,0.659128035720768,-0.0366283079827203,-0.0731453275868934,0.0031667062466799,0.060626605177289,0.181879815531867
"Between omics layers","RF clinical + XGB","Microbiome vs Proteomics",0.622499727738048,0.647293716194141,-0.0247939884560926,-0.0846640950423036,0.0316749431359968,0.409244023882038,0.613866035823057
"Between omics layers","RF clinical + XGB","Metabolomics vs Proteomics",0.659128035720768,0.647293716194141,0.0118343195266277,-0.0418258736064143,0.0634215229432538,0.658332946666008,0.658332946666008
"Versus the clinical model","EN omics","Microbiome vs Clinical",0.49137837151051,0.633571713798236,-0.142193342287726,-0.222272445733035,-0.0538234837939139,0.0010939577850094,0.00656374671005638
"Versus the clinical model","XGB omics","Microbiome vs Clinical",0.482847497005118,0.633571713798236,-0.150724216793117,-0.229094807405635,-0.0680545728361921,0.000363837735305966,0.00436605282367159
"Versus the clinical model","RF clinical + EN","Microbiome vs Clinical",0.615929139289215,0.633571713798236,-0.017642574509021,-0.0329529954128812,-0.00222199836078368,0.0225971368119529,0.0903885472478117
"Versus the clinical model","RF clinical + XGB","Microbiome vs Clinical",0.622499727738048,0.633571713798236,-0.0110719860601877,-0.0347690534577696,0.0114217864837298,0.350676594876799,0.601159876931656
"Versus the clinical model","EN omics","Metabolomics vs Clinical",0.621592187897049,0.633571713798236,-0.0119795259011867,-0.0886572281273373,0.0645017887722011,0.761656132841386,0.761656132841386
"Versus the clinical model","XGB omics","Metabolomics vs Clinical",0.660906813809127,0.633571713798236,0.0273351000108911,-0.0367731925087107,0.0989232251447096,0.445562399902729,0.634560476523435
"Versus the clinical model","RF clinical + EN","Metabolomics vs Clinical",0.654372526953933,0.633571713798236,0.0208008131556975,-0.00875263550513416,0.0498186751867626,0.169458925391604,0.365862942122862
"Versus the clinical model","RF clinical + XGB","Metabolomics vs Clinical",0.659128035720768,0.633571713798236,0.0255563219225327,-0.0128858533488866,0.0649934880157962,0.182931471061431,0.365862942122862
"Versus the clinical model","EN omics","Proteomics vs Clinical",0.659962972374488,0.633571713798236,0.0263912585762518,-0.0446694756745133,0.0981928770227084,0.475920357392576,0.634560476523435
"Versus the clinical model","XGB omics","Proteomics vs Clinical",0.648600573565179,0.633571713798236,0.0150288597669433,-0.05863794744808,0.0841095041331342,0.682114097285008,0.744124469765463
"Versus the clinical model","RF clinical + EN","Proteomics vs Clinical",0.66627944966784,0.633571713798236,0.0327077358696044,-0.00187498703184952,0.0693054333690332,0.0683753078211184,0.205125923463355
"Versus the clinical model","RF clinical + XGB","Proteomics vs Clinical",0.647293716194141,0.633571713798236,0.0137220023959049,-0.047238483773005,0.0743990039802683,0.651999230186587,0.744124469765463
