"model","omics","layer","n","n_deaths","auc","lower","upper"
"RF clinical","clinical","Clinical",332,169,0.633571713798236,0.573661575623869,0.693481851972603
"LR age-only","clinical","Clinical",332,169,0.619159981123171,0.559078961413478,0.679241000832864
"EN omics","microbiome","Microbiome",332,169,0.491378371510509,0.428964098072968,0.553792644948051
"XGB omics","microbiome","Microbiome",332,169,0.482847497005119,0.420479715225582,0.545215278784655
"RF clinical + EN","microbiome","Microbiome",332,169,0.615929139289215,0.555382411064739,0.676475867513691
"RF clinical + XGB","microbiome","Microbiome",332,169,0.622499727738048,0.562158229583619,0.682841225892476
"EN omics","metabolomics","Metabolomics",332,169,0.621592187897049,0.561654447611967,0.68152992818213
"XGB omics","metabolomics","Metabolomics",332,169,0.660906813809126,0.602598303311326,0.719215324306926
"RF clinical + EN","metabolomics","Metabolomics",332,169,0.654372526953933,0.595629526934733,0.713115526973134
"RF clinical + XGB","metabolomics","Metabolomics",332,169,0.659128035720768,0.600667289461733,0.717588781979803
"EN omics","proteomics","Proteomics",332,169,0.659962972374487,0.60158303289643,0.718342911852545
"XGB omics","proteomics","Proteomics",332,169,0.64860057356518,0.589589997881219,0.70761114924914
"RF clinical + EN","proteomics","Proteomics",332,169,0.66627944966784,0.608221280259866,0.724337619075815
"RF clinical + XGB","proteomics","Proteomics",332,169,0.647293716194141,0.588483724748797,0.706103707639485
