"Package","Version","Built","Source"
"abind","1.4-8","4.4.3","conda"
"askpass","1.2.1","4.4.3","conda"
"assertthat","0.2.1","4.4.3","conda"
"backports","1.5.1","4.4.3","conda"
"base64enc","0.1-6","4.4.3","conda"
"beeswarm","0.4.0","4.4.3","conda"
"bit","4.6.0","4.4.3","conda"
"bit64","4.8.2","4.4.3","conda"
"blob","1.3.0","4.4.3","conda"
"broom","1.0.13","4.4.3","conda"
"bslib","0.12.0","4.4.3","conda"
"cachem","1.1.0","4.4.3","conda"
"callr","3.7.6","4.4.3","conda"
"car","3.1-5","4.4.3","conda"
"carData","3.0-6","4.4.3","conda"
"caret","7.0-1","4.4.3","conda"
"cellranger","1.1.0","4.4.3","conda"
"cli","3.6.6","4.4.3","conda"
"clipr","0.8.1","4.4.3","conda"
"clock","0.7.4","4.4.3","conda"
"colorspace","2.1-3","4.4.3","conda"
"commonmark","2.0.0","4.4.3","conda"
"conflicted","1.2.0","4.4.3","conda"
"conquer","1.3.3","4.4.3","conda"
"corrplot","0.95","4.4.3","conda"
"cowplot","1.2.0","4.4.3","conda"
"cpp11","0.5.5","4.4.3","conda"
"crayon","1.5.3","4.4.3","conda"
"crul","1.6.0","4.4.3","conda"
"curl","7.1.0","4.4.3","conda"
"data.table","1.18.4","4.4.3","conda"
"DBI","1.3.0","4.4.3","conda"
"dbplyr","2.6.0","4.4.3","conda"
"Deriv","4.2.0","4.4.3","conda"
"diagram","1.6.5","4.4.3","conda"
"dials","1.4.4","4.4.3","conda"
"DiceDesign","1.10","4.4.3","conda"
"digest","0.6.39","4.4.3","conda"
"doBy","4.7.2","4.4.3","conda"
"doFuture","1.3.0","4.4.3","CRAN"
"dplyr","1.2.1","4.4.3","conda"
"dtplyr","1.3.3","4.4.3","conda"
"e1071","1.7-17","4.4.3","conda"
"ellipsis","0.3.3","4.4.3","conda"
"evaluate","1.0.5","4.4.3","conda"
"fansi","1.0.7","4.4.3","conda"
"farver","2.1.2","4.4.3","conda"
"fastmap","1.2.0","4.4.3","conda"
"flextable","0.10.0","4.4.3","conda"
"fontawesome","0.5.3","4.4.3","conda"
"fontBitstreamVera","0.1.1","4.4.3","conda"
"fontLiberation","0.1.0","4.4.3","conda"
"fontquiver","0.2.1","4.4.3","conda"
"forcats","1.0.1","4.4.3","conda"
"foreach","1.5.2","4.4.3","conda"
"forecast","9.0.2","4.4.3","conda"
"Formula","1.2-5","4.4.3","conda"
"fracdiff","1.5-4","4.4.3","conda"
"fs","2.1.0","4.4.3","conda"
"furrr","0.4.0","4.4.3","conda"
"future","1.75.0","4.4.3","conda"
"future.apply","1.20.2","4.4.3","conda"
"gargle","1.6.1","4.4.3","conda"
"GauPro","0.2.17","4.4.3","conda"
"gbRd","0.4.12","4.4.3","conda"
"gdtools","0.5.1","4.4.3","conda"
"generics","0.1.4","4.4.3","conda"
"gfonts","0.2.0","4.4.3","conda"
"ggbeeswarm","0.7.3","4.4.3","conda"
"ggfittext","0.10.4","4.4.3","CRAN"
"gggenes","0.7.0","4.4.3","CRAN"
"ggplot2","4.0.3","4.4.3","conda"
"ggpubr","1.0.0","4.4.3","conda"
"ggrepel","0.9.8","4.4.3","conda"
"ggsci","5.2.0","4.4.3","conda"
"ggsignif","0.6.4","4.4.3","conda"
"ggtext","0.1.2","4.4.3","conda"
"glmnet","5.0","4.4.3","conda"
"globals","0.19.1","4.4.3","conda"
"glue","1.8.1","4.4.3","conda"
"googledrive","2.1.2","4.4.3","conda"
"googlesheets4","1.1.2","4.4.3","conda"
"gower","1.0.2","4.4.3","conda"
"gridExtra","2.3.1","4.4.3","conda"
"gridtext","0.1.6","4.4.3","conda"
"gtable","0.3.6","4.4.3","conda"
"hardhat","1.4.3","4.4.3","conda"
"haven","2.5.5","4.4.3","conda"
"highr","0.12","4.4.3","conda"
"hms","1.1.4","4.4.3","conda"
"htmltools","0.5.9","4.4.3","conda"
"httpcode","0.3.0","4.4.3","conda"
"httpuv","1.6.17","4.4.3","conda"
"httr","1.4.8","4.4.3","conda"
"ids","1.0.1","4.4.3","conda"
"infer","1.1.0","4.4.3","conda"
"ipred","0.9-15","4.4.3","conda"
"isoband","0.3.0","4.4.3","conda"
"iterators","1.0.14","4.4.3","conda"
"jpeg","0.1-11","4.4.3","conda"
"jquerylib","0.1.4","4.4.3","conda"
"jsonlite","2.0.0","4.4.3","conda"
"kernelshap","0.9.1","4.4.3","CRAN"
"knitr","1.51","4.4.3","conda"
"labeling","0.4.3","4.4.3","conda"
"later","1.4.8","4.4.3","conda"
"lava","1.9.2","4.4.3","conda"
"lbfgs","1.2.1.2","4.4.3","conda"
"lifecycle","1.0.5","4.4.3","conda"
"limma","3.62.1","4.4.2","conda"
"listenv","1.0.0","4.4.3","conda"
"litedown","0.10","4.4.3","conda"
"lme4","2.0-6","4.4.3","conda"
"lmtest","0.9-40","4.4.3","conda"
"lubridate","1.9.5","4.4.3","conda"
"magrittr","2.0.5","4.4.3","conda"
"markdown","2.0","4.4.3","conda"
"MatrixModels","0.5-4","4.4.3","conda"
"matrixStats","1.5.0","4.4.3","conda"
"memoise","2.0.1","4.4.3","conda"
"microbenchmark","1.5.0","4.4.3","conda"
"mime","0.13","4.4.3","conda"
"minqa","1.2.8","4.4.3","conda"
"mixopt","0.1.3","4.4.3","conda"
"modeldata","1.5.1","4.4.3","conda"
"modelenv","0.2.0","4.4.3","conda"
"ModelMetrics","1.2.2.2","4.4.3","conda"
"modelr","0.1.11","4.4.3","conda"
"munsell","0.5.1","4.4.3","conda"
"nloptr","2.2.1","4.4.3","conda"
"numDeriv","2016.8-1.1","4.4.3","conda"
"officer","0.7.6","4.4.3","conda"
"openssl","2.4.2","4.4.3","conda"
"openxlsx","4.2.8.1","4.4.3","conda"
"otel","0.2.0","4.4.3","conda"
"parallelly","1.48.0","4.4.3","conda"
"parsnip","1.6.0","4.4.3","conda"
"patchwork","1.3.2","4.4.3","conda"
"pbkrtest","0.5.5","4.4.3","conda"
"pillar","1.11.1","4.4.3","conda"
"pkgconfig","2.0.3","4.4.3","conda"
"plyr","1.8.9","4.4.3","conda"
"png","0.1-9","4.4.3","conda"
"polynom","1.4-1","4.4.3","conda"
"prettyunits","1.2.0","4.4.3","conda"
"pROC","1.19.0.1","4.4.3","conda"
"processx","3.9.0","4.4.3","conda"
"prodlim","2026.03.11","4.4.3","conda"
"progress","1.2.3","4.4.3","conda"
"progressr","1.0.0","4.4.3","conda"
"promises","1.5.0","4.4.3","conda"
"proxy","0.4-29","4.4.3","conda"
"ps","1.9.3","4.4.3","conda"
"purrr","1.2.2","4.4.3","conda"
"quadprog","1.5-8","4.4.3","conda"
"quantmod","0.4.29","4.4.3","conda"
"quantreg","6.1","4.4.3","conda"
"R6","2.6.1","4.4.3","conda"
"ragg","1.5.2","4.4.3","conda"
"ranger","0.18.0","4.4.3","conda"
"rappdirs","0.3.4","4.4.3","conda"
"rbibutils","2.4.1","4.4.3","conda"
"RColorBrewer","1.1-3","4.4.3","conda"
"Rcpp","1.1.2","4.4.3","conda"
"RcppArmadillo","15.4.2-1","4.4.3","conda"
"RcppEigen","0.3.4.0.2","4.4.3","conda"
"Rdpack","2.6.6","4.4.3","conda"
"readr","2.2.0","4.4.3","conda"
"readxl","1.5.0","4.4.3","conda"
"recipes","1.3.3","4.4.3","conda"
"reformulas","0.4.4","4.4.3","conda"
"rematch","2.0.0","4.4.3","conda"
"rematch2","2.1.2","4.4.3","conda"
"renv","1.2.4","4.4.3","conda"
"reprex","2.1.1","4.4.3","conda"
"reshape2","1.4.5","4.4.3","conda"
"rlang","1.3.0","4.4.3","conda"
"rmarkdown","2.31","4.4.3","conda"
"rsample","1.3.2","4.4.3","conda"
"rstatix","1.1.0","4.4.3","conda"
"rstudioapi","0.19.0","4.4.3","conda"
"rvest","1.0.5","4.4.3","conda"
"S7","0.2.2","4.4.3","conda"
"sass","0.4.10","4.4.3","conda"
"scales","1.4.0","4.4.3","conda"
"selectr","0.6-0","4.4.3","conda"
"sfd","0.1.0","4.4.3","conda"
"shades","1.5.0","4.4.3","CRAN"
"shape","1.4.6.1","4.4.3","conda"
"shapviz","0.10.3","4.4.3","CRAN"
"shiny","1.14.0","4.4.3","conda"
"slider","0.3.3","4.4.3","conda"
"sourcetools","0.1.7-2","4.4.3","conda"
"SparseM","1.84-2","4.4.3","conda"
"sparsevctrs","0.3.5","4.4.3","conda"
"splitfngr","0.1.2","4.4.3","conda"
"SQUAREM","2026.1","4.4.3","conda"
"statmod","1.5.2","4.4.3","conda"
"stringi","1.8.9","4.4.3","conda"
"stringr","1.6.0","4.4.3","conda"
"sys","3.4.3","4.4.3","conda"
"systemfonts","1.3.2","4.4.3","conda"
"tailor","0.1.0","4.4.3","conda"
"textshaping","1.0.5","4.4.3","conda"
"tibble","3.3.1","4.4.3","conda"
"tidymodels","1.4.1","4.4.3","conda"
"tidyr","1.3.2","4.4.3","conda"
"tidyselect","1.2.1","4.4.3","conda"
"tidyverse","2.0.0","4.4.3","conda"
"timechange","0.4.0","4.4.3","conda"
"timeDate","4052.112","4.4.3","conda"
"tinytex","0.60","4.4.3","conda"
"triebeard","0.4.1","4.4.3","conda"
"tseries","0.10-62","4.4.3","conda"
"TTR","0.24.4","4.4.3","conda"
"tune","2.1.0","4.4.3","conda"
"tzdb","0.5.0","4.4.3","conda"
"urca","1.3-4","4.4.3","conda"
"urltools","1.7.3.1","4.4.3","conda"
"utf8","1.2.6","4.4.3","conda"
"uuid","1.2-2","4.4.3","conda"
"vctrs","0.7.3","4.4.3","conda"
"vipor","0.4.7","4.4.3","conda"
"viridisLite","0.4.3","4.4.3","conda"
"vroom","1.7.1","4.4.3","conda"
"warp","0.2.3","4.4.3","conda"
"withr","3.0.3","4.4.3","conda"
"workflows","1.3.0","4.4.3","conda"
"workflowsets","1.1.1","4.4.3","conda"
"xfun","0.60","4.4.3","conda"
"xgboost","3.3.0.1","4.4.3","conda"
"xml2","1.6.0","4.4.3","conda"
"xtable","1.8-8","4.4.3","conda"
"xts","0.14.2","4.4.3","conda"
"yaml","2.3.12","4.4.3","conda"
"yardstick","1.4.0","4.4.3","conda"
"zip","3.0.2","4.4.3","conda"
"zoo","1.8-15","4.4.3","conda"
