"path","md5"
"code/r_single_omics/00_setup.R","2ae21178cad37288f81ce7f4017aa426"
"code/r_single_omics/01_preprocess_data.R","4a57abed78294338ae8ed8fb8aa54c58"
"code/r_single_omics/02_fit_prediction_models.R","60412cf5d48090db1f365c2d96d14515"
"code/r_single_omics/03_make_manuscript_tables.R","bf85e38bebf917b64e9e383e1c0c0d06"
"code/r_single_omics/04_make_manuscript_figures.R","104bd77385c3656308e75bae0b9cf26a"
"code/r_single_omics/05_make_model_comparison_tables.R","3d710a9f1ad181265a09cb8a306e0d04"
"code/r_single_omics/06_fit_matched_cohort_models.R","a011db71c51d167b6a1c688fc31da95a"
"code/r_single_omics/07_make_matched_cohort_tables.R","5c30b9c85dd7d884817dd1474136ddde"
"code/r_single_omics/analysis_provenance.R","e3dea5d3d1c4ed34ccb6aa47709285e7"
"code/r_single_omics/feature_selection.R","a3205c96da05a1462263510e0f198efb"
"code/r_single_omics/helpers.R","2bf8760ca366158038521b7b91b165fd"
"code/r_single_omics/omics_pred_pipeline.R","ac986eda136553612c4cd1f891ccdda5"
"code/r_single_omics/preflight.R","e02322ae5940dc5dfd13f9f629d0e8ca"
"code/r_single_omics/run_all.R","e57a80efdf9ab85c1ecbfe02dfc1ccbd"
"code/r_single_omics/run_omics_pred.R","49a5958d56fb77314df09d23e9c8543e"
"code/r_single_omics/smoke_omics_pred.R","0bc34fb0940972c0f29d1610ceaca2c9"
