"path","bytes","md5"
"data/raw_data/V1FEB24/v1feb24.sas7bdat",39223296,"d8efceffe04aaa00471176ff022d45da"
"data/raw_data/V4FEB24/v4feb24.sas7bdat",15204352,"c3f6375a7977060a17da3d3e37273839"
"data/raw_data/CR4AUG17/CR4AUG17.SAS7BDAT",131072,"18c0d941ba50c0eb919afb99c5364fd4"
"data/raw_data/M4AUG16/M4AUG16.SAS7BDAT",1179648,"13ad1e0bb9a27de31296039d2c3a8970"
"data/raw_data/B4JUN19/b4jun19.sas7bdat",18837504,"978a3eb0cfb88b1690bb8481696ad146"
"data/raw_data/FAAUG24/faaug24.sas7bdat",218398720,"ea7e6e432365433b4b4891d5760c91c9"
"data/raw_data/HQ4FEB18/HQ4FEB18.SAS7BDAT",1310720,"6c3eecf729b914004d4fe2585e7486e4"
"data/raw_data/EFAUG24/efaug24.sas7bdat",4128768,"86689135fb197541890099f39e15556e"
"data/raw_data/OMICS/Microbiome/DADA_Silva_Mros_data_release.rds",1075988,"7db3b7fd1880e18faf98d36deac750f8"
"data/raw_data/OMICS/Metabolomics/sample_flags.csv",6029,"acc38103c4010c95da21cdbf5cdd52ee"
"data/raw_data/OMICS/Metabolomics/CPMC-0101-23PHML+ DATA TABLES.xlsx",36213672,"b9f3f18c0ea22f6ae8f467fd9c1245e6"
"data/raw_data/OMICS/Proteomics/sample_flags.csv",6029,"acc38103c4010c95da21cdbf5cdd52ee"
"data/raw_data/OMICS/Proteomics/SomaScan_7K_Annotated_Content.xlsx",2438194,"2d1b81f1b1a2c7b9e0a88abd1227ee09"
"data/raw_data/OMICS/Proteomics/SS-2338045_v4.1_Serum.hybNorm.medNormInt.plateScale.calibrate.anmlQC.qcCheck.anmlSMP.adat",30974533,"1293b9e934df9de2720ead67fdd0bbfc"
